DROP DATABASE DB;
CREATE DATABASE DB;
CREATE DATABASE DB1;
USE DB;
USE DB1;
DROP DATABASE DB1;
USE DB;
CREATE TABLE A(A FLOAT, B INT(8));
DESC A;
ALTER TABLE A DROP A;
ALTER TABLE A ADD C VARCHAR(10);
DESC A;
INSERT INTO A VALUES(1, '1');
UPDATE A SET B=0 WHERE A.B=1;
SELECT B, C FROM A WHERE B<2;
CREATE TABLE D(E INT(8), F VARCHAR(8));
DELETE FROM A WHERE B<>1;
INSERT INTO A VALUES(2, '2');
INSERT INTO D VALUES(3, '4');
SELECT A.B, A.C FROM A WHERE A.B=2;
INSERT INTO A VALUES(3, '2');
SELECT A.B, D.E FROM A,D WHERE A.B=D.E;
DROP DATABASE DB;
CREATE DATABASE DB;
USE DB;
CREATE TABLE A(A INT(8), PRIMARY KEY(A));
INSERT INTO A VALUES(1);
DELETE FROM A WHERE A=1;
CREATE TABLE B(B INT(8), BB INT(8), PRIMARY KEY(B, BB));
INSERT INTO B VALUES(1,1);
INSERT INTO B VALUES(1,2);
DROP DATABASE DB;
CREATE DATABASE DB;
USE DB;
CREATE TABLE A(A INT(10), PRIMARY KEY(A));
CREATE TABLE B(B INT(10));
ALTER TABLE B ADD UNIQUE B(B);
ALTER TABLE B ADD FOREIGN KEY(B) REFERENCES A(A);
INSERT INTO A VALUES(1);
INSERT INTO A VALUES(2);
INSERT INTO B VALUES(2);
DELETE FROM B WHERE B=2;
INSERT INTO B VALUES(2);
DELETE FROM A WHERE A=1;
ALTER TABLE B DROP FOREIGN KEY B;
INSERT INTO B VALUES(3);
DELETE FROM B WHERE B=3;
ALTER TABLE B ADD FOREIGN KEY(B) REFERENCES A(A);
CREATE TABLE J(A INT(10), B INT(10), PRIMARY KEY(A,B));
INSERT INTO J VALUES(1,2);
INSERT INTO J VALUES(2,2);
DELETE FROM J WHERE B=2;
CREATE TABLE K(A INT(10), B INT(10));
ALTER TABLE K ADD PRIMARY KEY(A,B);
INSERT INTO K VALUES(1,2);
INSERT INTO K VALUES(2,2);
DELETE FROM K WHERE B=2;
ALTER TABLE K DROP PRIMARY KEY;
CREATE TABLE X(A INT(8), B INT(8));
INSERT INTO X VALUES(1, 2);
INSERT INTO X VALUES(1, 3);
INSERT INTO X VALUES(2, 3);
INSERT INTO X VALUES(3, 4);
SELECT * FROM X WHERE B=3;
CREATE INDEX I ON B(B);
DROP INDEX I;
ALTER TABLE B ADD INDEX H(B);
ALTER TABLE B DROP INDEX H;
CREATE TABLE G(A INT(10), B VARCHAR(10));
INSERT INTO G VALUES(1,'ABC');
INSERT INTO G VALUES(2,'BCD');
INSERT INTO G VALUES(2,'CDE');
SELECT COUNT (A) FROM G;
SELECT AVG(A) FROM G;
SELECT MAX(A) FROM G;
SELECT MIN(A) FROM G;
SELECT SUM(A) FROM G;
SELECT * FROM G WHERE B LIKE '%C_';
SELECT * FROM G WHERE B LIKE '%B%';
SELECT * FROM G WHERE B LIKE '_D_';
CREATE TABLE H(A INT(10), B INT(10));
INSERT INTO H VALUES(1,2);
INSERT INTO H VALUES(2,3);
SELECT * FROM H WHERE A IN (1,2);
SELECT * FROM H WHERE A IN (SELECT B FROM H);
SELECT * FROM H LIMIT 1 OFFSET 1;
INSERT INTO H VALUES(1,3);
INSERT INTO H VALUES(2,4);
SELECT A, SUM(B) FROM H GROUP BY A;
SELECT A, AVG(B) FROM H GROUP BY A;
CREATE TABLE I(D DATE);
INSERT INTO I VALUES('2022-1-9');
SELECT * FROM I;
CREATE TABLE KK(T INT(10)); 
ALTER TABLE KK ADD UNIQUE MYU(T);
INSERT INTO KK VALUES(1);
CREATE TABLE L(A INT(10));
INSERT INTO L VALUES(NULL);
SELECT * FROM L WHERE A IS NOT NULL;